{"inputUnits":[34],"outputUnits":2,"inputs":{"0":{"dtype":"number","min":286.25122189289414,"max":301.0763914171483},"1":{"dtype":"number","min":131.30603931568285,"max":246.26377217253747},"2":{"dtype":"number","min":292.22184506540873,"max":307.8617046869289},"3":{"dtype":"number","min":127.19393962540354,"max":239.97101633172286},"4":{"dtype":"number","min":280.5261713068852,"max":294.3351885403341},"5":{"dtype":"number","min":126.18253414161487,"max":239.72171073303815},"6":{"dtype":"number","min":302.0588621619152,"max":316.98015670330204},"7":{"dtype":"number","min":132.33203434339973,"max":243.12711451718218},"8":{"dtype":"number","min":270.4494454010188,"max":284.60971765350877},"9":{"dtype":"number","min":133.07090357730263,"max":242.1708325242903},"10":{"dtype":"number","min":311.8570862411291,"max":337.01932063112014},"11":{"dtype":"number","min":170.44554355316458,"max":263.95890353018774},"12":{"dtype":"number","min":256.82377567997685,"max":266.2918887965628},"13":{"dtype":"number","min":167.89530198244088,"max":262.86340635422374},"14":{"dtype":"number","min":335.1027639288651,"max":397.3676823547244},"15":{"dtype":"number","min":182.96993649726255,"max":290.84576166164106},"16":{"dtype":"number","min":214.72608629490662,"max":237.0168082848859},"17":{"dtype":"number","min":177.3215893602278,"max":283.9603050782202},"18":{"dtype":"number","min":337.9008720353333,"max":441.9669956259328},"19":{"dtype":"number","min":185.63430042527108,"max":286.91977101227457},"20":{"dtype":"number","min":155.44051856325382,"max":241.92721643875447},"21":{"dtype":"number","min":178.39064064546403,"max":282.2655672961973},"22":{"dtype":"number","min":304.70998187743663,"max":321.27818310237535},"23":{"dtype":"number","min":274.7889337669804,"max":344.2251836765579},"24":{"dtype":"number","min":258.0238995170965,"max":268.36704187225877},"25":{"dtype":"number","min":277.62355811879416,"max":339.7833570216366},"26":{"dtype":"number","min":313.44202171756973,"max":341.00507903517337},"27":{"dtype":"number","min":356.43375091850174,"max":383.5742886489362},"28":{"dtype":"number","min":229.92077327378774,"max":265.0215490984405},"29":{"dtype":"number","min":357.0401243392022,"max":376.1645192523681},"30":{"dtype":"number","min":314.0717647321972,"max":331.1613758823328},"31":{"dtype":"number","min":439.1841648614894,"max":448.95492761920536},"32":{"dtype":"number","min":235.62600773445112,"max":259.36948905446604},"33":{"dtype":"number","min":434.5268987168578,"max":443.65892971700623}},"outputs":{"0":{"dtype":"string","min":0,"max":1,"uniqueValues":["t","q"],"legend":{"t":[1,0],"q":[0,1]}}},"isNormalized":true}